"x","varStub","semanticStub","varStub.len"
".50 to .74",,,
".50 to .99",,,
".75 to .99",,,
"$1 to $2,499 or loss",,,
"$1 to $9,999 or loss","Usd1to9999","",
"$1,000 or more",,,
"$1,000 to $1,249",,,
"$1,000 to $1,499",,,
"$1,000,000 or more",,,
"$1,250 to $1,499",,,
"$1,500 to $1,999",,,
"$10,000 to $12,499",,,
"$10,000 to $14,999","Usd10KtoLt15K","",
"$10,000 to $19,999",,,
"$10,000 to $24,999",,,
"$100 to $149",,,
"$100 to $199",,,
"$100,000 or more",,,
"$100,000 to $124,999",,,
"$100,000 to $149,999",,,
"$12,500 to $14,999",,,
"$125,000 to $149,999",,,
"$15,000 to $17,499",,,
"$15,000 to $19,999",,,
"$15,000 to $24,999","Usd15KtoLt25K","",
"$150 to $199",,,
"$150,000 or more",,,
"$150,000 to $174,999",,,
"$150,000 to $199,999",,,
"$17,500 to $19,999",,,
"$175,000 to $199,999",,,
"$2,000 or more",,,
"$2,000 to $2,499",,,
"$2,000 to $2,999",,,
"$2,500 to $2,999",,,
"$2,500 to $4,999",,,
"$20,000 to $22,499",,,
"$20,000 to $24,999",,,
"$20,000 to $34,999",,,
"$200 to $249",,,
"$200 to $299",,,
"$200,000 or more",,,
"$200,000 to $249,999",,,
"$200,000 to $299,999",,,
"$22,500 to $24,999",,,
"$25,000 to $29,999",,,
"$25,000 to $34,999","Usd25KtoLt35K","",
"$250 to $299",,,
"$250,000 to $299,999",,,
"$3,000 or more",,,
"$30,000 to $34,999",,,
"$300 to $349",,,
"$300 to $399",,,
"$300 to $499",,,
"$300,000 to $399,999",,,
"$300,000 to $499,999",,,
"$35,000 to $39,999",,,
"$35,000 to $49,999","Usd35KtoLt50K","",
"$350 to $399",,,
"$40,000 to $44,999",,,
"$40,000 to $49,999",,,
"$400 to $449",,,
"$400 to $499",,,
"$400,000 to $499,999",,,
"$45,000 to $49,999",,,
"$450 to $499",,,
"$5,000 to $7,499",,,
"$5,000 to $9,999",,,
"$50,000 to $54,999",,,
"$50,000 to $59,999",,,
"$50,000 to $64,999","Usd50KtoLt65K","",
"$50,000 to $74,999",,,
"$50,000 to $99,999",,,
"$500 to $549",,,
"$500 to $599",,,
"$500 to $749",,,
"$500,000 or more",,,
"$500,000 to $749,999",,,
"$55,000 to $64,999",,,
"$550 to $599",,,
"$60,000 to $69,999",,,
"$60,000 to $74,999",,,
"$600 to $649",,,
"$600 to $699",,,
"$65,000 to $74,999","Usd65KtoLt75K","",
"$650 to $699",,,
"$7,500 to $9,999",,,
"$70,000 to $79,999",,,
"$700 or more",,,
"$700 to $749",,,
"$700 to $799",,,
"$75,000 or more","UsdGe75K","",
"$75,000 to $99,999",,,
"$750 to $799",,,
"$750 to $999",,,
"$750,000 to $999,999",,,
"$80,000 to $89,999",,,
"$800 to $1,499",,,
"$800 to $899",,,
"$90,000 to $99,999",,,
"$900 to $999",,,
"0.50 or less occupants per room",,,
"0.51 to 1.00 occupants per room",,,
"1 bedroom",,,
"1 earner (dollars)",,,
"1 or 2 children",,,
"1 or 2 own children",,,
"1 or more items imputed",,,
"1 or more vehicles available",,,
"1 room",,,
"1 to 13 weeks",,,
"1 to 4 years","A1to4","",
"1 vehicle available","1VhclAvl","",
"1 worker","1Wrk","",
"1 worker (dollars)",,,
"1-person household","Hh1per","",
"1-person households",,,
"1-unit structures",,,
"1, attached",,,
"1, attached (dollars)",,,
"1, detached",,,
"1, detached  or attached",,,
"1, detached (dollars)",,,
"1, detached or attached",,,
"1.00 or less occupants per room",,,
"1.00 to 1.24",,,
"1.00 to 1.99",,,
"1.01 or more occupants per room",,,
"1.01 to 1.50 occupants per room",,,
"1.25 to 1.49",,,
"1.30 to 1.49",,,
"1.50 to 1.74",,,
"1.50 to 1.84",,,
"1.51 or more occupants per room",,,
"1.51 to 2.00 occupants per room",,,
"1.75 to 1.84",,,
"1.85 and above",,,
"1.85 to 1.99",,,
"10 to 14 minutes","Min10to14","",
"10 to 14 years","A10to14","age10to14",
"10 to 19",,,
"10:00 a.m. to 10:59 a.m.","10to11am","",
"10.0 to 14.9 percent",,,
"100 to 149 percent of the poverty level","100to149PctPov","",
"100 to 199 percent of poverty level in the past 12 months",,,
"10th grade",,,
"11:00 a.m. to 11:59 a.m.","11amto12pm","",
"11th grade",,,
"12 to 14 years","A12to14","",
"12 to 17 years","A12to17","",
"12:00 a.m. to 4:59 a.m.","12amto5am","",
"12:00 p.m. to 3:59 p.m.","12to4pm","",
"12th grade, no diploma",,,
"14 to 26 weeks",,,
"15 to 17 years","A15to17","age15to17",
"15 to 19 minutes","Min15to19","",
"15 to 19 years",,,
"15 to 19 years old","A15to19","",
"15 years",,,
"15.0 to 19.9 percent",,,
"16 and 17 years",,,
"16 to 19 years","A16to19","",
"16 to 64 years",,,
"18 and 19 years","A18to19","age18to19",
"18 to 24 years","A18to24","",
"18 to 34 years",,,
"18 to 64 years",,,
"18 years and over","AGe18","",
"2",,,
"2 (dollars)",,,
"2 bedrooms",,,
"2 earners (dollars)",,,
"2 people",,,
"2 rooms",,,
"2 to 4",,,
"2 vehicles available","2VhclAvl","",
"2 workers","2Wrk","",
"2 workers, husband and wife worked (dollars)",,,
"2 workers, other (dollars)",,,
"2-or-more person household",,,
"2-or-more-person household",,,
"2-or-more-unit structures",,,
"2-person families",,,
"2-person household","Hh2per","",
"2-person households",,,
"2.0  and over",,,
"2.0 to 2.9",,,
"2.00 and over",,,
"2.00 to 2.99",,,
"2.01 or more occupants per room",,,
"20 and 21 years",,,
"20 to 24 minutes","Min20to24","",
"20 to 24 years","A20to24","age20to24",
"20 to 24 years old",,,
"20 to 29 percent",,,
"20 to 34 years",,,
"20 to 34 years old","A20to34","",
"20 to 49",,,
"20 years","A20","age20to",
"20.0 to 24.9 percent",,,
"200 percent or more of poverty level in the past 12 months",,,
"21 years","A21","age21to",
"22 to 24 years","A22to24","age22to24",
"25 to 29 minutes","Min25to29","",
"25 to 29 years","A25to29","age25to29",
"25 to 29 years old",,,
"25 to 34 years","A25to34","",
"25 to 44 years","A25to44","",
"25.0 to 29.9 percent",,,
"27 to 39 weeks",,,
"3 and 4 years","A3to4","",
"3 bedrooms",,,
"3 or 4",,,
"3 or 4 (dollars)",,,
"3 or 4 children",,,
"3 or 4 own children",,,
"3 or more bedrooms",,,
"3 or more earners (dollars)",,,
"3 or more vehicles available",,,
"3 or more workers","Ge3Wrk","",
"3 or more workers, husband and wife worked (dollars)",,,
"3 or more workers, other (dollars)",,,
"3 rooms",,,
"3 to 4 people",,,
"3 vehicles available","3VhclAvl","",
"3 workers","3Wrk","",
"3-person families",,,
"3-person household","Hh3per","",
"3-person households",,,
"3.0 to 3.9",,,
"3.00 to 3.99",,,
"30 percent or more",,,
"30 to 34 minutes","Min30to34","",
"30 to 34 years","A30to34","age30to34",
"30 to 34 years old",,,
"30 to 59 years","A30to59","",
"30.0 percent or more",,,
"30.0 to 34.9 percent",,,
"35 to 39 minutes","Min35to39","",
"35 to 39 years","A35to39","age35to39",
"35 to 39 years old",,,
"35 to 44 minutes","Min35to44","",
"35 to 44 years","A35to44","age35to44",
"35 to 50 years",,,
"35 to 50 years old","A35to50","",
"35 to 54 years",,,
"35 years and over",,,
"35.0 percent or more",,,
"35.0 to 39.9 percent",,,
"4 bedrooms",,,
"4 or more vehicles available",,,
"4 rooms",,,
"4 vehicles available","4VhclAvl","",
"4-or-more-person household","Hhge4per","",
"4-person families",,,
"4-person household","Hh4Per","",
"4-person households",,,
"4:00 p.m. to 11:59 p.m.","4pmto12am","",
"4.0 or more",,,
"4.00 to 4.99",,,
"40 to 44 minutes","Min40to44","",
"40 to 44 years","A40to44","age40to44",
"40 to 44 years old",,,
"40 to 47 weeks",,,
"40.0 to 49.9 percent",,,
"45 to 49 years","A45to49","age45to49",
"45 to 50 years old",,,
"45 to 54 years","A45to54","age45to54",
"45 to 59 minutes","Min45to59","",
"45 to 64 years",,,
"48 and 49 weeks",,,
"5 or more",,,
"5 or more (dollars)",,,
"5 or more bedrooms",,,
"5 or more children",,,
"5 or more own children",,,
"5 or more vehicles available","Ge5VhclAvl","",
"5 rooms",,,
"5 to 17 years","A5to17","",
"5 to 17 years only",,,
"5 to 19",,,
"5 to 6 people",,,
"5 to 9",,,
"5 to 9 minutes","Min5to9","",
"5 to 9 years","A5to9","age5to9",
"5 years","A5","",
"5-or-more person household",,,
"5-person families",,,
"5-person household","Hh5Per","",
"5-person households",,,
"5:00 a.m. to 5:29 a.m.","5to530am","",
"5:30 a.m. to 5:59 a.m.","530to6am","",
"5.00 and over",,,
"50 or more",,,
"50 to 52 weeks",,,
"50 to 54 years","A50to54","age50to54",
"50.0 percent or more",,,
"55 to 59 years","A55to59","age55to59",
"55 to 64 years","A55to64","age55to64",
"5th and 6th grade",,,
"6 rooms",,,
"6 to 11 years","A6to11","",
"6 to 17 years","A6to17","",
"6 to 17 years only",,,
"6 to 8 years","A6to8","",
"6-person families",,,
"6-person household","Hh6Per","",
"6-person households",,,
"6:00 a.m. to 6:29 a.m.","6to630am","",
"6:30 a.m. to 6:59 a.m.","630to7am","",
"60 and 61 years","A60to61","age60to61",
"60 or more minutes","MinGe60","",
"60 to 64 years","A60to64","",
"60 to 89 minutes","Min60to89","",
"60 years and over","AGe60","",
"62 to 64 years","A62to64","age62to64",
"65 and 66 years","A65to66","age65to66",
"65 to 69 years","A65to69","",
"65 to 74 years","A65to74","age65to74",
"65 years and over","AGe65","",
"67 to 69 years","A67to69","age67to69",
"7 or more people",,,
"7 rooms",,,
"7-or-more person household","HhGe7Per","",
"7-or-more-person families",,,
"7-or-more-person households",,,
"7:00 a.m. to 7:29 a.m.","7to730am","",
"7:30 a.m. to 7:59 a.m.","730to8am","",
"70 to 74 years","A70to74","age70to74",
"75 to 79 years","A75to79","age75to79",
"75 to 84 years","A75to84","age75to84",
"75 years and over","AGe75","",
"7th and 8th grade",,,
"8 rooms",,,
"8:00 a.m. to 8:29 a.m.","8to830am","",
"8:30 a.m. to 8:59 a.m.","830to9am","",
"80 to 84 years","A80to84","age80to84",
"85 years and over","AGe85","ageover85",
"9 or more rooms",,,
"9 to 11 years","A9to11","",
"9:00 a.m. to 9:59 a.m.","9to10am","",
"90 or more minutes","MinGe90","",
"9th grade",,,
"9th to 12th grade, no diploma",,,
"Ability to speak English -- Imputed",,,
"Ability to speak English -- Not imputed",,,
"Abroad 1 year ago",,,
"Accommodation and food services",,,
"Accountants and auditors",,,
"Actors",,,
"Actuaries",,,
"Adhesive bonding machine operators and tenders",,,
"Administrative and support and waste management services",,,
"Administrative services managers",,,
"Advertising and promotions managers",,,
"Advertising sales agents",,,
"Aerospace engineers",,,
"Afghan","Afg","",
"Afghanistan","Afg","",
"Africa","Afr","",
"Africa, n.e.c.","AfrNec","",
"African","Afr","",
"African languages",,,
"Agents and business managers of artists, performers, and athletes",,,
"Aggregate contract rent",,,
"Aggregate earnings in the past 12 months (in 2011 inflation-adjusted dollars)",,,
"Aggregate family income in the past 12 months (in 2011 inflation-adjusted dollars)",,,
"Aggregate gross rent",,,
"Aggregate gross rent (dollars)",,,
"Aggregate household income in the past 12 months (in 2011 inflation-adjusted dollars)",,,
"Aggregate income deficit in the past 12 months",,,
"Aggregate income deficit in the past 12 months of unrelated individuals (dollars)",,,
"Aggregate income in the past 12 months (in 2011 inflation-adjusted dollars)",,,
"Aggregate interest, dividends, or net rental income in the past 12 months (in 2011 inflation-adjusted dollars)",,,
"Aggregate nonfamily household income in the past 12 months (in 2011 inflation-adjusted dollars)",,,
"Aggregate number of rooms",,,
"Aggregate number of vehicles (car, truck, or van) used in commuting",,,
"Aggregate number of vehicles available",,,
"Aggregate other types of income in the past 12 months (in 2011 inflation-adjusted dollars)",,,
"Aggregate price asked (dollars)",,,
"Aggregate public assistance income in the past 12 months (in 2011 inflation-adjusted dollars)",,,
"Aggregate real estate taxes paid (dollars)",,,
"Aggregate real estate taxes paid for units with a mortgage (dollars)",,,
"Aggregate real estate taxes paid for units without a mortgage (dollars)",,,
"Aggregate rent asked",,,
"Aggregate retirement income in the past 12 months (in 2011 inflation-adjusted dollars)",,,
"Aggregate selected monthly owner costs (dollars)",,,
"Aggregate self-employment income in the past 12 months (in 2011 inflation-adjusted dollars)",,,
"Aggregate Social Security income in the past 12 months (in 2011 inflation-adjusted dollars)",,,
"Aggregate Supplemental Security Income (SSI) in the past 12 months (in 2011 inflation-adjusted dollars)",,,
"Aggregate travel time to work (in minutes)",,,
"Aggregate usual hours",,,
"Aggregate value (dollars)",,,
"Aggregate wage or salary income in the past 12 months (in 2011 inflation-adjusted dollars)",,,
"Agricultural and food science technicians",,,
"Agricultural and food scientists",,,
"Agricultural engineers",,,
"Agricultural inspectors",,,
"Agriculture, forestry, fishing and hunting",,,
"Agriculture, forestry, fishing and hunting, and mining",,,
"Air traffic controllers and airfield operations specialists",,,
"Aircraft mechanics and service technicians",,,
"Aircraft pilots and flight engineers",,,
"Aircraft structure, surfaces, rigging, and systems assemblers",,,
"Alaska Native tribes, not specified","AlskNatNs","",
"Alaska Native tribes, specified","AlskNatSp","",
"Alaskan Athabascan","AlskAthbsc","",
"Albania","Alb","",
"Albanian","Alb","",
"Aleut","Aleut","",
"All geographic parts imputed",,,
"All other Hispanic or Latino","AllOthHspLat","",
"All other households",,,
"All other two race combinations",,,
"All other vacant units",,,
"All relatives",,,
"Alsatian","Als","",
"Ambulance drivers and attendants, except emergency medical technicians",,,
"American","Usa","",
"American Indian and Alaska Native",,,
"American Indian and Alaska Native alone","RNat","amindianalone",
"American Indian tribes or Alaska Native tribes, not specified","AmindOrAlskNatNs","",
"American Indian tribes, not specified","AmindNs","americanindianNS",
"American Indian tribes, specified","Amind","americanindian",
"Americas","Amrs","",
"Ancestry not reported","NotRep","",
"Ancestry not specified","NotSpc","",
"Ancestry specified","Spc","",
"Ancestry unclassified","Unc","",
"Animal breeders",,,
"Animal control workers",,,
"Animal trainers",,,
"Announcers",,,
"Apache","AmindApache","apache",
"Appraisers and assessors of real estate",,,
"Arab","Arb","",
"Arabic",,,
"Architects, except naval",,,
"Architectural and engineering managers",,,
"Architecture and engineering occupations",,,
"Archivists, curators, and museum technicians",,,
"Argentina","Arg","",
"Argentinean","Arg","",
"Armed forces",,,
"Armed Forces",,,
"Armenia","Arm","",
"Armenian","Arm","",
"Artists and related workers",,,
"Arts, design, entertainment, sports, and media occupations",,,
"Arts, entertainment, and recreation",,,
"Arts, entertainment, and recreation, and accommodation and food services",,,
"Arts, entertainment, and recreation, and accommodations and food services",,,
"Arts, entertainment, and recreation, and accommodations and food services Accommodation and food services",,,
"Arts, entertainment, and recreation, and accommodations and food services Arts, entertainment, and recreation",,,
"Asia","Asa","",
"Asia,n.e.c.","AsaNec","",
"Asian",,,
"Asian alone","RAa","asianalone",
"Asian and Pacific Island languages",,,
"Asian Indian","AsaInd","",
"Associate's degree",,,
"Assyrian/Chaldean/Syriac","AyrCdnSyr","",
"Astronomers and physicists",,,
"At least one person 14 and over speaks English only or speaks English ""very well""",,,
"At least one person in household 60 years or over",,,
"At or above 150 percent of the poverty level","Ge150PctPov","",
"Athletes, coaches, umpires, and related workers",,,
"Atmospheric and space scientists",,,
"Audiologists",,,
"Australia","Aus","",
"Australia and New Zealand Subregion","AusNzlSbg","",
"Australian","Aus","",
"Austria","Aut","",
"Austrian","Aut","",
"Automotive and watercraft service attendants",,,
"Automotive body and related repairers",,,
"Automotive glass installers and repairers",,,
"Automotive service technicians and mechanics",,,
"Average household size -- Owner occupied",,,
"Average household size -- Renter occupied",,,
"Average household size -- Total",,,
"Avionics technicians",,,
"Bachelor's degree","EdBa","",
"Bachelor's degree or higher",,,
"Baggage porters, bellhops, and concierges",,,
"Bahamas","Bhs","",
"Bahamian","Bhs","",
"Bailiffs, correctional officers, and jailers",,,
"Bakers",,,
"Bangladesh","Bgd","",
"Bangladeshi","Bgd","",
"Barbadian","Brb","",
"Barbados","Brb","",
"Barbers",,,
"Bartenders",,,
"Basque","Bsq","",
"Belarus","Blr","",
"Belgian","Bel","",
"Belgium","Bel","",
"Belize","Blz","",
"Belizean","Blz","",
"Below 100 percent of poverty level in the past 12 months",,,
"Below 100 percent of the poverty level","Lt100PctPov","",
"Bermudan","Ber","",
"Between Gulf War and Vietnam Era only",,,
"Between Korean War and World War II only",,,
"Between Vietnam Era and Korean War only",,,
"Bicycle",,,
"Bill and account collectors",,,
"Billing and posting clerks",,,
"Biological scientists",,,
"Biological technicians",,,
"Biomedical engineers",,,
"Black or African American",,,
"Black or African American alone","RBa","blackalone",
"Black or African American; American Indian and Alaska Native",,,
"Blackfeet","AmindBlackfeet","blackfeet",
"Boat, RV, van, etc.",,,
"Boat, RV, van, etc. (dollars)",,,
"Boilermakers",,,
"Bolivia","Bol","",
"Bolivian","Bol","",
"Bookkeeping, accounting, and auditing clerks",,,
"Born abroad of American parent(s)",,,
"Born in other state in the United States",,,
"Born in other state of the United States",,,
"Born in state of residence",,,
"Born in the United States",,,
"Born outside the United States",,,
"Bosnia and Herzegovina","Bih","",
"Both parents foreign born",,,
"Both parents in labor force",,,
"Both parents native",,,
"Both second mortgage and home equity loan",,,
"Bottled, tank, or LP gas",,,
"Brazil","Bra","",
"Brazilian","Bra","",
"Brickmasons, blockmasons, and stonemasons",,,
"Bridge and lock tenders",,,
"British","Gbr","",
"British West Indian","GBRWesInd","",
"Brokerage clerks",,,
"Budget analysts",,,
"Building and grounds cleaning and maintenance occupations",,,
"Built 1939 or earlier",,,
"Built 1940 to 1949",,,
"Built 1940 to 1959",,,
"Built 1950 or later",,,
"Built 1950 to 1959",,,
"Built 1960 to 1969",,,
"Built 1960 to 1979",,,
"Built 1970 to 1979",,,
"Built 1980 to 1989",,,
"Built 1980 to 1999",,,
"Built 1990 to 1999",,,
"Built 2000 or later",,,
"Built 2000 to 2004",,,
"Built 2005 or later",,,
"Bulgaria","Bgr","",
"Bulgarian","Bgr","",
"Burma","Mmr","",
"Bus and truck mechanics and diesel engine specialists",,,
"Bus drivers",,,
"Bus or trolley bus",,,
"Business and financial operations occupations",,,
"Business operations specialists, all other",,,
"Butchers and other meat, poultry, and fish processing workers",,,
"Buyers and purchasing agents, farm products",,,
"Cabinetmakers and bench carpenters",,,
"Cajun","Caj","",
"Cambodia","Khm","",
"Cambodian","Khm","",
"Cameroon","Cmr","",
"Canada","Can","",
"Canadian","Can","",
"Cape Verde","Cpv","",
"Cape Verdean","Cpv","",
"Car, truck, or van",,,
"Car, truck, or van - carpooled",,,
"Car, truck, or van - drove alone",,,
"Cargo and freight agents",,,
"Caribbean","Crb","",
"Carpatho Rusyn","CrpRsy","",
"Carpenters",,,
"Carpet, floor, and tile installers and finishers",,,
"Carpooled",,,
"Cashiers",,,
"Celtic","Clt","",
"Cement masons, concrete finishers, and terrazzo workers",,,
"Central America","CenAm","",
"Central American","CenAm","",
"Chefs and head cooks",,,
"Chemical engineers",,,
"Chemical processing machine setters, operators, and tenders",,,
"Chemical technicians",,,
"Chemists and materials scientists",,,
"Cherokee","AmindCherokee","cherokee",
"Cheyenne","AmindCheyenne","cheyenne",
"Chickasaw","AmindChickasaw","chickasaw",
"Chief executives",,,
"Child",,,
"Child is foreign born",,,
"Child is native",,,
"Childcare workers",,,
"Chile","Chl","",
"Chilean","Chl","",
"China","Chn","",
"China, excluding Hong Kong and Taiwan","ChnExHkgTwn","",
"Chinese",,,
"Chinese , except Taiwanese","ChaExTwn","",
"Chippewa","AmindChippewa","chippewa",
"Chiropractors",,,
"Choctaw","AmindChoctaw","choctaw",
"Civil engineers",,,
"Civilian",,,
"Civilian labor force",,,
"Claims adjusters, appraisers, examiners, and investigators",,,
"Cleaners of vehicles and equipment",,,
"Cleaning, washing, and metal pickling equipment operators and tenders",,,
"Clergy",,,
"Clinical laboratory technologists and technicians",,,
"Coal or coke",,,
"Coin, vending, and amusement machine servicers and repairers",,,
"Colombia","Col","",
"Colombian","Col","",
"Colville","AmindColville","colville",
"Comanche","AmindComanche","comanche",
"Combined food preparation and serving workers, including fast food",,,
"Commercial divers",,,
"Communications equipment operators, all other",,,
"Community and social service occupations",,,
"Compensation and benefits managers",,,
"Compensation, benefits, and job analysis specialists",,,
"Complete kitchen facilities",,,
"Complete plumbing facilities",,,
"Compliance officers",,,
"Computer and information research scientists",,,
"Computer and information systems managers",,,
"Computer and mathematical occupations",,,
"Computer control programmers and operators",,,
"Computer hardware engineers",,,
"Computer network architects",,,
"Computer occupations, all other",,,
"Computer operators",,,
"Computer programmers",,,
"Computer support specialists",,,
"Computer systems analysts",,,
"Computer, automated teller, and office machine repairers",,,
"Computer, engineering, and science occupations",,,
"Conservation scientists and foresters",,,
"Construction",,,
"Construction and building inspectors",,,
"Construction and extraction occupations",,,
"Construction laborers",,,
"Construction managers",,,
"Control and valve installers and repairers",,,
"Conveyor operators and tenders",,,
"Cooks",,,
"Cooling and freezing equipment operators and tenders",,,
"Correspondence clerks",,,
"Cost estimators",,,
"Costa Rica","Cri","",
"Costa Rican","Cri","",
"Counselors",,,
"Counter and rental clerks",,,
"Counter attendants, cafeteria, food concession, and coffee shop",,,
"Couriers and messengers",,,
"Court, municipal, and license clerks",,,
"Crane and tower operators",,,
"Credit analysts",,,
"Credit authorizers, checkers, and clerks",,,
"Credit counselors and loan officers",,,
"Cree","AmindCree","cree",
"Creek","AmindCreek","creek",
"Croatia","Hrv","",
"Croatian","Hrv","",
"Crossing guards",,,
"Crow","AmindCrow","crow",
"Crushing, grinding, polishing, mixing, and blending workers",,,
"Cuba","Cub","",
"Cuban","Cub","",
"Current residence; Midwest",,,
"Current residence; Northeast",,,
"Current residence; South",,,
"Current residence; West",,,
"Customer service representatives",,,
"Cutting workers",,,
"Cutting, punching, and press machine setters, operators, and tenders, metal and plastic",,,
"Cypriot","Cyp","",
"Czech","Cze","",
"Czechoslovakia (includes Czech Republic and Slovakia)","Czvk","",
"Czechoslovakian","Czvk","",
"Dancers and choreographers",,,
"Danish","Dnk","",
"Data entry keyers",,,
"Database administrators",,,
"Delaware","AmindDelaware","delaware",
"Denmark","Dnk","",
"Dental assistants",,,
"Dental hygienists",,,
"Dentists",,,
"Derrick, rotary drill, and service unit operators, oil, gas, and mining",,,
"Designers",,,
"Desktop publishers",,,
"Detectives and criminal investigators",,,
"Diagnostic related technologists and technicians",,,
"Did not receive public assistance income",,,
"Did not work",,,
"Did not work at home",,,
"Did not work in the past 12 months",,,
"Dietitians and nutritionists",,,
"Different county",,,
"Different county (same state)",,,
"Different house",,,
"Different house in United States 1 year ago",,,
"Different Metropolitan Statistical Area",,,
"Different Micropolitan Statistical Area",,,
"Different state",,,
"Dining room and cafeteria attendants and bartender helpers",,,
"Directors, religious activities and education",,,
"Dishwashers",,,
"Dispatchers",,,
"Divorced",,,
"Doctorate degree",,,
"Dominica","Dma","",
"Dominican (Dominican Republic)","Dom","",
"Dominican Republic","Dom","",
"Door-to-door sales workers, news and street vendors, and related workers",,,
"Drafters",,,
"Dredge, excavating, and loading machine operators",,,
"Drilling and boring machine tool setters, operators, and tenders, metal and plastic",,,
"Driver/sales workers and truck drivers",,,
"Drove alone",,,
"Drywall installers, ceiling tile installers, and tapers",,,
"Dutch","Nld","",
"Dutch West Indian","NLDWesInd","",
"Earth drillers, except oil and gas",,,
"Eastern Africa","EasAfr","",
"Eastern Asia","EasAsa","",
"Eastern Europe","Eeu","",
"Eastern European","EasEur","",
"Economists",,,
"Ecuador","Ecu","",
"Ecuadorian","Ecu","",
"Editors",,,
"Education administrators",,,
"Education, legal, community service, arts, and media occupations",,,
"Education, training, and library occupations",,,
"Educational services",,,
"Educational services, and  health care and social assistance",,,
"Educational services, and health care and social assistance",,,
"Egypt","Egy","",
"Egyptian","Egy","",
"El Salvador","Slv","",
"Electric motor, power tool, and related repairers",,,
"Electrical and electronics engineers",,,
"Electrical and electronics installers and repairers, transportation equipment",,,
"Electrical and electronics repairers, industrial and utility",,,
"Electrical power-line installers and repairers",,,
"Electrical, electronics, and electromechanical assemblers",,,
"Electricians",,,
"Electricity",,,
"Electronic equipment installers and repairers, motor vehicles",,,
"Electronic home entertainment equipment installers and repairers",,,
"Elementary and middle school teachers",,,
"Elevator installers and repairers",,,
"Eligibility interviewers, government programs",,,
"Elsewhere",,,
"Embalmers and funeral attendants",,,
"Emergency management directors",,,
"Emergency medical technicians and paramedics",,,
"Employed",,,
"Employed or in Armed Forces",,,
"Employee of private company workers",,,
"Engine and other machine assemblers",,,
"Engineering technicians, except drafters",,,
"Engineers, all other",,,
"England","Eng","",
"English","Eng","",
"English only",,,
"Enrolled in college undergraduate years",,,
"Enrolled in college, undergraduate years",,,
"Enrolled in grade 1 to grade 4",,,
"Enrolled in grade 5 to grade 8",,,
"Enrolled in grade 9 to grade 12",,,
"Enrolled in graduate or professional school",,,
"Enrolled in kindergarten",,,
"Enrolled in nursery school, preschool",,,
"Enrolled in private college or graduate school",,,
"Enrolled in private school",,,
"Enrolled in public college or graduate school",,,
"Enrolled in public school",,,
"Enrolled in school",,,
"Entered 1980 to 1989",,,
"Entered 1990 to 1999",,,
"Entered 2000 or later",,,
"Entered before 1980",,,
"Entered before 1990",,,
"Entertainers and performers, sports and related workers, all other",,,
"Environmental engineers",,,
"Environmental scientists and geoscientists",,,
"Eritrea","Eri","",
"Estonian","Est","",
"Etchers and engravers",,,
"Ethiopia","Eth","",
"Ethiopian","Eth","",
"Europe","Eur","",
"Europe, n.e.c.","EurNec","",
"European","Eur","",
"Explosives workers, ordnance handling experts, and blasters",,,
"Extruding and drawing machine setters, operators, and tenders, metal and plastic",,,
"Extruding, forming, pressing, and compacting machine setters, operators, and tenders",,,
"Fabric and apparel patternmakers",,,
"Family households",,,
"Farmers, ranchers, and other agricultural managers",,,
"Farming, fishing, and forestry occupations",,,
"Father only in labor force",,,
"Father-child subfamily",,,
"Federal government workers",,,
"Female","GF","female",
"Female (dollars)",,,
"Female householder",,,
"Female householder (dollars)",,,
"Female householder and female partner",,,
"Female householder and male partner",,,
"Female householder, no husband present","HhGfNHus","",
"Female householder, no husband present (dollars)",,,
"Fence erectors",,,
"Ferryboat",,,
"Fiji","Fji","",
"Fijian","Fji","",
"File clerks",,,
"Filipino","Phl","",
"Final number of group quarters person interviews",,,
"Final number of housing unit interviews",,,
"Finance and insurance",,,
"Finance and insurance, and real estate and rental and leasing",,,
"Financial analysts",,,
"Financial clerks, all other",,,
"Financial examiners",,,
"Financial managers",,,
"Financial specialists, all other",,,
"Finnish","Fin","",
"Fire fighting and prevention, and other protective service workers including supervisors",,,
"Fire inspectors",,,
"Firefighters",,,
"First-line supervisors of construction trades and extraction workers",,,
"First-line supervisors of correctional officers",,,
"First-line supervisors of farming, fishing, and forestry workers",,,
"First-line supervisors of fire fighting and prevention workers",,,
"First-line supervisors of food preparation and serving workers",,,
"First-line supervisors of gaming workers",,,
"First-line supervisors of housekeeping and janitorial workers",,,
"First-line supervisors of landscaping, lawn service, and groundskeeping workers",,,
"First-line supervisors of mechanics, installers, and repairers",,,
"First-line supervisors of non-retail sales workers",,,
"First-line supervisors of office and administrative support workers",,,
"First-line supervisors of personal service workers",,,
"First-line supervisors of police and detectives",,,
"First-line supervisors of production and operating workers",,,
"First-line supervisors of protective service workers, all other",,,
"First-line supervisors of retail sales workers",,,
"Fish and game wardens",,,
"Fishing and hunting workers",,,
"Flight attendants",,,
"Food and tobacco roasting, baking, and drying machine operators and tenders",,,
"Food batchmakers",,,
"Food cooking machine operators and tenders",,,
"Food preparation and serving related occupations",,,
"Food preparation and serving related workers, all other",,,
"Food preparation workers",,,
"Food processing workers, all other",,,
"Food servers, nonrestaurant",,,
"Food service managers",,,
"For migrant workers",,,
"For rent",,,
"For sale only",,,
"For seasonal, recreational, or occasional use",,,
"Foreign born",,,
"Foreign country",,,
"Foreign-born",,,
"Foreign-Born",,,
"Foreign-born parent",,,
"Foreign-born population",,,
"Forest and conservation workers",,,
"Forging machine setters, operators, and tenders, metal and plastic",,,
"Fourth Quintile",,,
"France","Fra","",
"French (except Basque)","FraExBsq","",
"French (incl. Patois, Cajun)",,,
"French Canadian","FrnCan","",
"French Creole",,,
"Fuel oil, kerosene, etc.",,,
"Fundraisers",,,
"Funeral service managers",,,
"Furnace, kiln, oven, drier, and kettle operators and tenders",,,
"Furniture finishers",,,
"Gaming cage workers",,,
"Gaming managers",,,
"Gaming services workers",,,
"General and operations managers",,,
"Geological and petroleum technicians",,,
"German","Deu","",
"German Russian","GerRus","",
"Germany","Deu","",
"Ghana","Gha","",
"Ghanaian","Gha","",
"Gini Index",,,
"Glaziers",,,
"Graders and sorters, agricultural products",,,
"Graduate or professional degree","EdGrad","",
"Graduate or professional school",,,
"Grandparent householder not responsible for own grandchildren under 18 years",,,
"Grandparent householder responsible for own grandchildren under 18 years","GparHhRespGchALt18yr","",
"Grandparent not responsible for own grandchildren under 18 years",,,
"Grandparent responsible 1 or 2 years",,,
"Grandparent responsible 3 or 4 years",,,
"Grandparent responsible 5 years or more",,,
"Grandparent responsible 6 to 11 months",,,
"Grandparent responsible for own grandchildren under 18 years",,,
"Grandparent responsible less than 6 months",,,
"Greece","Grc","",
"Greek","Grc","",
"Grenada","Grd","",
"Grinding, lapping, polishing, and buffing machine tool setters, operators, and tenders, metal and pl",,,
"Grinding, lapping, polishing, and buffing machine tool setters, operators, and tenders, metal and plastic",,,
"Grounds maintenance workers",,,
"Group Quarters Person Other Reason",,,
"Group Quarters Person Refusal",,,
"Guamanian or Chamorro","Gum","",
"Guatemala","Gtm","",
"Guatemalan","Gtm","",
"Gujarati",,,
"Gulf War (8/1990 to 8/2001) and Vietnam Era",,,
"Gulf War (8/1990 to 8/2001), no Vietnam Era",,,
"Gulf War (9/2001 or later) and Gulf War (8/1990 to 8/2001), no Vietnam Era",,,
"Gulf War (9/2001 or later), and Gulf War (8/1990 to 8/2001), and Vietnam Era",,,
"Gulf War (9/2001 or later), no Gulf War (8/1990 to 8/2001), no Vietnam Era",,,
"Guyana","Guy","",
"Guyanese","Guy","",
"Hairdressers, hairstylists, and cosmetologists",,,
"Haiti","Hti","",
"Haitian","Hti","",
"Hazardous materials removal workers",,,
"Health care and social assistance",,,
"Health diagnosing and treating practitioners and other technical occupations",,,
"Health diagnosing and treating practitioners, all other",,,
"Health practitioner support technologists and technicians",,,
"Health technologists and technicians",,,
"Healthcare practitioners and technical occupations",,,
"Healthcare support occupations",,,
"Healthcare support workers, all other, including medical equipment preparers",,,
"Heat treating equipment setters, operators, and tenders, metal and plastic",,,
"Heating, air conditioning, and refrigeration mechanics and installers",,,
"Heavy vehicle and mobile equipment service technicians and mechanics",,,
"Hebrew",,,
"Helpers--extraction workers",,,
"Helpers--installation, maintenance, and repair workers",,,
"Helpers--production workers",,,
"Helpers, construction trades",,,
"High school graduate",,,
"High school graduate (includes equivalency)","EdHsEq","",
"High school graduate (including equivalency)",,,
"High school graduate, GED, or alternative",,,
"Highest Quintile",,,
"Highway maintenance workers",,,
"Hindi",,,
"Hispanic or Latino","HspLat","",
"Hmong","Hmn","",
"Hoist and winch operators",,,
"Home appliance repairers",,,
"Home equity loan only",,,
"Honduran","Hnd","",
"Honduras","Hnd","",
"Hong Kong","Hkg","",
"Hosts and hostesses, restaurant, lounge, and coffee shop",,,
"Hotel, motel, and resort desk clerks",,,
"Houma","AmindHouma","houma",
"Household did not receive Food Stamps/SNAP in the past 12 months",,,
"Household received Food Stamps/SNAP in the past 12 months",,,
"Household with grandparent not responsible for own grandchildren under 18 years",,,
"Household with grandparent responsible for own grandchildren under 18 years",,,
"Household with grandparents living with grandchildren",,,
"Household without grandparents living with grandchildren",,,
"Householder",,,
"Householder 15 to 24 years",,,
"Householder 15 to 24 years (dollars)",,,
"Householder 15 to 34 years",,,
"Householder 15 to 54 years",,,
"Householder 15 to 64 years",,,
"Householder 15 to 64 years (dollars)",,,
"Householder 25 to 34 years",,,
"Householder 25 to 34 years (dollars)",,,
"Householder 25 to 44 years",,,
"Householder 35 to 44 years",,,
"Householder 35 to 44 years (dollars)",,,
"Householder 35 to 64 years",,,
"Householder 35 to 64 years (dollars)",,,
"Householder 45 to 54 years",,,
"Householder 45 to 54 years (dollars)",,,
"Householder 45 to 64 years",,,
"Householder 55 to 59 years",,,
"Householder 55 to 59 years (dollars)",,,
"Householder 55 to 64 years",,,
"Householder 60 to 64 years",,,
"Householder 60 to 64 years (dollars)",,,
"Householder 65 to 74 years",,,
"Householder 65 to 74 years (dollars)",,,
"Householder 65 years and over",,,
"Householder 65 years and over (dollars)",,,
"Householder 75 to 84 years",,,
"Householder 75 years and over",,,
"Householder 75 years and over (dollars)",,,
"Householder 85 years and over",,,
"Householder did not work in the past 12 months",,,
"Householder lived in owner-occupied housing units",,,
"Householder lived in renter-occupied housing units",,,
"Householder living alone",,,
"Householder not living alone",,,
"Householder or spouse with no parent of grandchildren present",,,
"Householder under 25 years",,,
"Householder who is American Indian and Alaska Native alone",,,
"Householder who is Asian alone",,,
"Householder who is Black or African American alone",,,
"Householder who is Native Hawaiian and Other Pacific Islander alone",,,
"Householder who is Some other race alone",,,
"Householder who is Two or more races",,,
"Householder who is Two races excluding Some other race, and three or more races",,,
"Householder who is Two races including Some other race",,,
"Householder who is White alone",,,
"Householder worked full-time, year-round in the past 12 months",,,
"Householder worked less than full-time, year-round in the past 12 months",,,
"Householder worked part-time or part-year in the past 12 months",,,
"Households with no nonrelatives",,,
"Households with no people 60 years and over",,,
"Households with no people 65 years and over",,,
"Households with no people under 18 years",,,
"Households with one or more nonrelatives",,,
"Households with one or more people 60 years and over",,,
"Households with one or more people 65 years and over",,,
"Households with one or more people under 18 years",,,
"Housing units with a mortgage",,,
"Housing units with a mortgage (dollars)",,,
"Housing units with a mortgage, contract to purchase, or similar debt",,,
"Housing units without a mortgage",,,
"Housing units without a mortgage (dollars)",,,
"Human resources assistants, except payroll and timekeeping",,,
"Human resources managers",,,
"Human resources workers",,,
"Hungarian","Hun","",
"Hungary","Hun","",
"Husband and wife worked",,,
"Husband in labor force",,,
"Husband not in labor force",,,
"Husband/wife in a childless subfamily",,,
"Husband/wife in a subfamily with children",,,
"Icelander","Isl","",
"Imputed",,,
"In 1-unit structures",,,
"In 2-or-more-unit structures",,,
"In 2-person carpool","Crpl2per","",
"In 3-or-more-person carpool","CrplGe3per","",
"In 3-person carpool","Crpl3per","",
"In 4-or-more-person carpool","CrplGe4per","",
"In 4-person carpool","Crpl4per","",
"In 5- or 6-person carpool","Crpl5to6per","",
"In 7-or-more-person carpool","CrplGe7per","",
"In Armed Forces",,,
"In family households","HhFam","",
"In father-child subfamilies",,,
"In female householder, no husband present, family","HhGfNHusFam","",
"In group quarters",,,
"In households","Hh","",
"In labor force","Lfp","",
"In male householder, no wife present, family","HhGmNWifeFam","",
"In married couple families",,,
"In married-couple families","FamMar","",
"In married-couple family","FamMar","",
"In married-couple subfamilies","MarSubFam","",
"In mobile homes and all other types of units",,,
"In mother-child subfamilies",,,
"In non-family households and other living arrangement",,,
"In nonfamily households","Nfam","",
"In other families","FamOth","",
"In other family","FamOth","",
"Income in the past 12 months at or above poverty level","IncPrev12moGePov","",
"Income in the past 12 months at or above the poverty level",,,
"Income in the past 12 months below poverty level","IncPrev12moLtPov","",
"Income in the past 12 months below the poverty level",,,
"India","Ind","",
"Indonesia","Idn","",
"Indonesian","Idn","",
"Industrial and refractory machinery mechanics",,,
"Industrial engineers, including health and safety",,,
"Industrial production managers",,,
"Industrial truck and tractor operators",,,
"Information",,,
"Information and record clerks, all other",,,
"Information security analysts",,,
"Initial addresses selected",,,
"Initial sample selected",,,
"Inspectors, testers, sorters, samplers, and weighers",,,
"Installation, maintenance, and repair occupations",,,
"Insufficient Data",,,
"Insulation workers",,,
"Insurance claims and policy processing clerks",,,
"Insurance sales agents",,,
"Insurance underwriters",,,
"Interviewers, except eligibility and loan",,,
"Inupiat","Inup","",
"Iran","Irn","",
"Iranian","Irn","",
"Iraq","Irq","",
"Iraqi","Irq","",
"Ireland","Irl","",
"Irish","Irl","",
"Iroquois","AmindIroquois","iroquois",
"Israel","Isr","",
"Israeli","Isr","",
"Italian","Ita","",
"Italy","Ita","",
"Jamaica","Jam","",
"Jamaican","Jam","",
"Janitors and building cleaners",,,
"Japan","Jpn","",
"Japanese","Jpn","",
"Jewelers and precious stone and metal workers",,,
"Jordan","Jor","",
"Jordanian","Jor","",
"Judges, magistrates, and other judicial workers",,,
"Judicial law clerks",,,
"Kazakhstan","Kaz","",
"Kenya","Ken","",
"Kenyan","Ken","",
"Kiowa","AmindKiowa","kiowa",
"Korea","Kor","",
"Korean","Krn","",
"Korean War and World War II, no Vietnam Era",,,
"Korean War, no Vietnam Era, no World War II",,,
"Kuwait","Kwt","",
"Laborers and freight, stock, and material movers, hand",,,
"Lacking complete kitchen facilities",,,
"Lacking complete plumbing facilities",,,
"Lacking plumbing facilities",,,
"Language Problem",,,
"Language status imputed",,,
"Language status not imputed",,,
"Laos","Lao","",
"Laotian","Lao","",
"Lathe and turning machine tool setters, operators, and tenders, metal and plastic",,,
"Latin America","LatAm","",
"Latvia","Lva","",
"Latvian","Lva","",
"Laundry and dry-cleaning workers",,,
"Law enforcement workers including supervisors",,,
"Lawyers",,,
"Layout workers, metal and plastic",,,
"Lebanese","Lbn","",
"Lebanon","Lbn","",
"Legal occupations",,,
"Legislators",,,
"Length of time -- Imputed",,,
"Length of time -- Not imputed",,,
"Less than $10,000",,,
"Less than $100",,,
"Less than $20,000",,,
"Less than $200",,,
"Less than $5,000",,,
"Less than $50,000",,,
"Less than $800",,,
"Less than 10 minutes","MinLt10","",
"Less than 10.0 percent",,,
"Less than 2.0",,,
"Less than 20 percent",,,
"Less than 20.0 percent",,,
"Less than 30.0 percent",,,
"Less than 5 minutes","MinLt5","",
"Less than 9th grade",,,
"Less than high school diploma",,,
"Less than high school graduate","EdLtHs","",
"Liberia","Lbr","",
"Liberian","Lbr","",
"Librarians",,,
"Library assistants, clerical",,,
"Library technicians",,,
"Licensed practical and licensed vocational nurses",,,
"Life scientists, all other",,,
"Life, physical, and social science occupations",,,
"Lifeguards and other recreational, and all other protective service workers",,,
"Lithuania","Ltu","",
"Lithuanian","Ltu","",
"Living alone",,,
"Living alone (dollars)",,,
"Living in a place",,,
"Living in a principal city",,,
"Living in household with no Supplemental Security Income (SSI), cash public assistance income, or Food Stamps/SNAP in the past 12 months","HhNPubasstPrev12mo","",
"Living in household with Supplemental Security Income (SSI), cash public assistance income, or Food Stamps/SNAP in the past 12 months","HhPubasstPrev12mo","",
"Living in owner-occupied housing unit",,,
"Living in renter-occupied housing unit",,,
"Living in the 12 selected states",,,
"Living outside any principal city",,,
"Living with father",,,
"Living with mother",,,
"Living with one parent",,,
"Living with own grandchildren under 18 years",,,
"Living with two parents",,,
"Loan interviewers and clerks",,,
"Local government workers",,,
"Local, state, and federal government workers",,,
"Locksmiths and safe repairers",,,
"Locomotive engineers and operators",,,
"Lodging managers",,,
"Logging workers",,,
"Logisticians",,,
"Lower contract rent quartile",,,
"Lower Limit of Top 5 Percent",,,
"Lower value quartile (dollars)",,,
"Lowest Quintile",,,
"Lumbee","AmindLumbee","lumbee",
"Luxemburger","Lux","",
"Macedonia","Mkd","",
"Macedonian","Mkd","",
"Machine feeders and offbearers",,,
"Machinists",,,
"Maids and housekeeping cleaners",,,
"Mail clerks and mail machine operators, except postal service",,,
"Maintenance and repair workers, general",,,
"Maintenance workers, machinery",,,
"Malaysia","Mys","",
"Malaysian","Mys","",
"Male","GM","male",
"Male (dollars)",,,
"Male householder",,,
"Male householder (dollars)",,,
"Male householder and female partner",,,
"Male householder and male partner",,,
"Male householder, no wife present","HhGmNWife","",
"Male householder, no wife present (dollars)",,,
"Maltese","Mlt","",
"Management analysts",,,
"Management occupations",,,
"Management of companies and enterprises",,,
"Management, business, and financial occupations",,,
"Management, business, science, and arts occupations",,,
"Managers, all other",,,
"Manufactured building and mobile home installers",,,
"Manufacturing",,,
"Marine engineers and naval architects",,,
"Market research analysts and marketing specialists",,,
"Marketing and sales managers",,,
"Married couple family (dollars)",,,
"Married-couple family",,,
"Married-couple subfamily",,,
"Married, spouse absent","MarNIsSp","",
"Married, spouse present","MarIsSp","",
"Massage therapists",,,
"Master's degree",,,
"Material moving occupations",,,
"Material moving workers, all other",,,
"Materials engineers",,,
"Mathematicians",,,
"Meals included in rent",,,
"Mean usual hours-- Female",,,
"Mean usual hours-- Male",,,
"Mean usual hours-- Total",,,
"Mechanical engineers",,,
"Median age -- Female","GF_MedA","female_medianage",
"Median age -- Male","GM_MedA","male_medianage",
"Median age -- Total","all_MedA","all_medianage",
"Median age -- Total living in area 1 year ago",,,
"Median age at first marriage -- Female",,,
"Median age at first marriage -- Male",,,
"Median age-- Female",,,
"Median age-- Male",,,
"Median contract rent",,,
"Median earnings in the past 12 months --",,,
"Median earnings in the past 12 months -- Total",,,
"Median earnings in the past 12 months (in 2010 inflation-adjusted dollars) -- Female -- Other",,,
"Median earnings in the past 12 months (in 2010 inflation-adjusted dollars) -- Female -- Total",,,
"Median earnings in the past 12 months (in 2010 inflation-adjusted dollars) -- Female -- Worked full-time, year-round in the past 12 months",,,
"Median earnings in the past 12 months (in 2010 inflation-adjusted dollars) -- Total",,,
"Median earnings in the past 12 months (in 2010 inflation-adjusted dollars) -- Total (dollars)",,,
"Median earnings in the past 12 months (in 2011 inflation-adjusted dollars) --",,,
"Median earnings in the past 12 months (in 2011 inflation-adjusted dollars) -- Female --",,,
"Median earnings in the past 12 months (in 2011 inflation-adjusted dollars) -- Female -- Other",,,
"Median earnings in the past 12 months (in 2011 inflation-adjusted dollars) -- Female -- Other (dollars)",,,
"Median earnings in the past 12 months (in 2011 inflation-adjusted dollars) -- Female -- Total",,,
"Median earnings in the past 12 months (in 2011 inflation-adjusted dollars) -- Female -- Total (dollars)",,,
"Median earnings in the past 12 months (in 2011 inflation-adjusted dollars) -- Female -- Worked full-time, year-round in the past 12 months",,,
"Median earnings in the past 12 months (in 2011 inflation-adjusted dollars) -- Female -- Worked full-time, year-round in the past 12 months (dollars)",,,
"Median earnings in the past 12 months (in 2011 inflation-adjusted dollars) -- Male --",,,
"Median earnings in the past 12 months (in 2011 inflation-adjusted dollars) -- Male -- Other",,,
"Median earnings in the past 12 months (in 2011 inflation-adjusted dollars) -- Male -- Other (dollars)",,,
"Median earnings in the past 12 months (in 2011 inflation-adjusted dollars) -- Male -- Total",,,
"Median earnings in the past 12 months (in 2011 inflation-adjusted dollars) -- Male -- Total (dollars)",,,
"Median earnings in the past 12 months (in 2011 inflation-adjusted dollars) -- Male -- Worked full-time, year-round in the past 12 months",,,
"Median earnings in the past 12 months (in 2011 inflation-adjusted dollars) -- Male -- Worked full-time, year-round in the past 12 months (dollars)",,,
"Median family income in the past 12 months (in 2010 inflation-adjusted dollars) -- Other family -- Female householder, no husband present -- No own children under 18 years",,,
"Median family income in the past 12 months (in 2010 inflation-adjusted dollars) -- Other family -- Total",,,
"Median family income in the past 12 months (in 2010 inflation-adjusted dollars) -- Total",,,
"Median family income in the past 12 months (in 2011 inflation-adjusted dollars)",,,
"Median family income in the past 12 months (in 2011 inflation-adjusted dollars) --",,,
"Median family income in the past 12 months (in 2011 inflation-adjusted dollars) -- Married-couple family --",,,
"Median family income in the past 12 months (in 2011 inflation-adjusted dollars) -- Married-couple family -- No own children under 18 years",,,
"Median family income in the past 12 months (in 2011 inflation-adjusted dollars) -- Married-couple family -- Total",,,
"Median family income in the past 12 months (in 2011 inflation-adjusted dollars) -- Married-couple family -- With own children under 18 years",,,
"Median family income in the past 12 months (in 2011 inflation-adjusted dollars) -- Other family --",,,
"Median family income in the past 12 months (in 2011 inflation-adjusted dollars) -- Other family -- Female householder, no husband present --",,,
"Median family income in the past 12 months (in 2011 inflation-adjusted dollars) -- Other family -- Female householder, no husband present -- Total",,,
"Median family income in the past 12 months (in 2011 inflation-adjusted dollars) -- Other family -- Female householder, no husband present -- With own children under 18 years",,,
"Median family income in the past 12 months (in 2011 inflation-adjusted dollars) -- Other family -- Male householder, no wife present --",,,
"Median family income in the past 12 months (in 2011 inflation-adjusted dollars) -- Other family -- Male householder, no wife present -- No own children under 18 years",,,
"Median family income in the past 12 months (in 2011 inflation-adjusted dollars) -- Other family -- Male householder, no wife present -- Total",,,
"Median family income in the past 12 months (in 2011 inflation-adjusted dollars) -- Other family -- Male householder, no wife present -- With own children under 18 years",,,
"Median family income in the past 12 months-- Grandparent householder and/or spouse responsible for grandchildren under 18 years (dollars)",,,
"Median family income in the past 12 months-- Grandparent householder and/or spouse responsible for grandchildren under 18 years and no parent pre",,,
"Median family income in the past 12 months-- Total",,,
"Median gross rent",,,
"Median gross rent -- Total",,,
"Median gross rent as a percentage of household income",,,
"Median household income for units with a mortgage",,,
"Median household income for units without a mortgage",,,
"Median household income in the past 12 months (in 2010 inflation-adjusted dollars) -- Householder 25 to 44 years",,,
"Median household income in the past 12 months (in 2010 inflation-adjusted dollars) -- Householder under 25 years",,,
"Median household income in the past 12 months (in 2010 inflation-adjusted dollars) -- Total",,,
"Median household income in the past 12 months (in 2011 inflation-adjusted dollars)",,,
"Median household income in the past 12 months (in 2011 inflation-adjusted dollars) --",,,
"Median household income in the past 12 months (in 2011 inflation-adjusted dollars) -- Householder 45 to 64 years",,,
"Median household income in the past 12 months (in 2011 inflation-adjusted dollars) -- Householder 65 years and over",,,
"Median income in the past 12 months --","MedIncPrev12mo","",
"Median income in the past 12 months -- Total","MedIncPrev12mo","",
"Median income in the past 12 months -- Total living in area 1 year ago",,,
"Median income in the past 12 months (in 2010 inflation-adjusted dollars) -- Total (dollars)",,,
"Median income in the past 12 months (in 2011 inflation-adjusted dollars) --",,,
"Median income in the past 12 months (in 2011 inflation-adjusted dollars) -- Female --",,,
"Median income in the past 12 months (in 2011 inflation-adjusted dollars) -- Female -- Other (dollars)",,,
"Median income in the past 12 months (in 2011 inflation-adjusted dollars) -- Female -- Total (dollars)",,,
"Median income in the past 12 months (in 2011 inflation-adjusted dollars) -- Female -- Worked full-time, year-round in the past 12 months (dollars)",,,
"Median income in the past 12 months (in 2011 inflation-adjusted dollars) -- Male --",,,
"Median income in the past 12 months (in 2011 inflation-adjusted dollars) -- Male -- Other (dollars)",,,
"Median income in the past 12 months (in 2011 inflation-adjusted dollars) -- Male -- Total (dollars)",,,
"Median income in the past 12 months (in 2011 inflation-adjusted dollars) -- Male -- Worked full-time, year-round in the past 12 months (dollars)",,,
"Median income in the past 12 months (in 2011 inflation-adjusted dollars)--",,,
"Median monthly housing costs",,,
"Median nonfamily household income in the past 12 months (in 2010 inflation-adjusted dollars) -- Female householder -- Not living alone -- Householder 15 to 64 years (dollars)",,,
"Median nonfamily household income in the past 12 months (in 2010 inflation-adjusted dollars) -- Female householder -- Not living alone -- Householder 65 years and over (dollars)",,,
"Median nonfamily household income in the past 12 months (in 2010 inflation-adjusted dollars) -- Female householder -- Not living alone -- Total (dollars)",,,
"Median nonfamily household income in the past 12 months (in 2010 inflation-adjusted dollars) -- Male householder -- Not living alone -- Householder 15 to 64 years (dollars)",,,
"Median nonfamily household income in the past 12 months (in 2010 inflation-adjusted dollars) -- Male householder -- Not living alone -- Householder 65 years and over (dollars)",,,
"Median nonfamily household income in the past 12 months (in 2011 inflation-adjusted dollars)",,,
"Median nonfamily household income in the past 12 months (in 2011 inflation-adjusted dollars) --",,,
"Median nonfamily household income in the past 12 months (in 2011 inflation-adjusted dollars) -- Female householder --",,,
"Median nonfamily household income in the past 12 months (in 2011 inflation-adjusted dollars) -- Female householder -- Living alone --",,,
"Median nonfamily household income in the past 12 months (in 2011 inflation-adjusted dollars) -- Female householder -- Living alone -- Householder 15 to 64 years (dollars)",,,
"Median nonfamily household income in the past 12 months (in 2011 inflation-adjusted dollars) -- Female householder -- Living alone -- Householder 65 years and over (dollars)",,,
"Median nonfamily household income in the past 12 months (in 2011 inflation-adjusted dollars) -- Female householder -- Living alone -- Total (dollars)",,,
"Median nonfamily household income in the past 12 months (in 2011 inflation-adjusted dollars) -- Female householder -- Not living alone --",,,
"Median nonfamily household income in the past 12 months (in 2011 inflation-adjusted dollars) -- Female householder -- Total (dollars)",,,
"Median nonfamily household income in the past 12 months (in 2011 inflation-adjusted dollars) -- Male householder --",,,
"Median nonfamily household income in the past 12 months (in 2011 inflation-adjusted dollars) -- Male householder -- Living alone --",,,
"Median nonfamily household income in the past 12 months (in 2011 inflation-adjusted dollars) -- Male householder -- Living alone -- Householder 15 to 64 years (dollars)",,,
"Median nonfamily household income in the past 12 months (in 2011 inflation-adjusted dollars) -- Male householder -- Living alone -- Householder 65 years and over (dollars)",,,
"Median nonfamily household income in the past 12 months (in 2011 inflation-adjusted dollars) -- Male householder -- Living alone -- Total (dollars)",,,
"Median nonfamily household income in the past 12 months (in 2011 inflation-adjusted dollars) -- Male householder -- Not living alone --",,,
"Median nonfamily household income in the past 12 months (in 2011 inflation-adjusted dollars) -- Male householder -- Not living alone -- Total (dollars)",,,
"Median nonfamily household income in the past 12 months (in 2011 inflation-adjusted dollars) -- Male householder -- Total (dollars)",,,
"Median number of rooms",,,
"Median number of rooms -- Owner occupied",,,
"Median number of rooms -- Renter occupied",,,
"Median number of rooms -- Total",,,
"Median real estate taxes paid -- Total",,,
"Median real estate taxes paid for units with a mortgage",,,
"Median real estate taxes paid for units without a mortgage",,,
"Median selected monthly owner costs (dollars) -- Housing units with a mortgage (dollars)",,,
"Median selected monthly owner costs (dollars) -- Housing units without a mortgage (dollars)",,,
"Median selected monthly owner costs (dollars) -- Total",,,
"Median selected monthly owner costs as a percentage of household income in the past 12 months -- Housing units with a mortgage",,,
"Median selected monthly owner costs as a percentage of household income in the past 12 months -- Housing units without a mortgage",,,
"Median selected monthly owner costs as a percentage of household income in the past 12 months -- Total",,,
"Median value -- Total",,,
"Median value (dollars)",,,
"Median value for units with a mortgage",,,
"Median value for units without a mortgage",,,
"Median year householder moved into unit -- Owner occupied",,,
"Median year householder moved into unit -- Renter occupied",,,
"Median year householder moved into unit -- Total",,,
"Median year structure built",,,
"Median year structure built -- Owner occupied",,,
"Median year structure built -- Renter occupied",,,
"Median year structure built -- Total",,,
"Medical and health services managers",,,
"Medical assistants",,,
"Medical records and health information technicians",,,
"Medical scientists",,,
"Medical transcriptionists",,,
"Medical, dental, and ophthalmic laboratory technicians",,,
"Meeting, convention, and event planners",,,
"Melanesian","Mlns","",
"Menominee","AmindMenominee","menominee",
"Metal furnace operators, tenders, pourers, and casters",,,
"Metal workers and plastic workers, all other",,,
"Meter readers, utilities",,,
"Metropolitan Statistical Area",,,
"Mexican","Mex","",
"Mexico","Mex","",
"Micronesian","Fsm","",
"Micropolitan Statistical Area",,,
"Middle Africa","MidAfr","",
"Midwest","GeoMw","",
"Military specific occupations",,,
"Milling and planing machine setters, operators, and tenders, metal and plastic",,,
"Millwrights",,,
"Mine shuttle car operators",,,
"Mining and geological engineers, including mining safety engineers",,,
"Mining machine operators",,,
"Mining, quarrying, and oil and gas extraction",,,
"Miscellaneous agricultural workers",,,
"Miscellaneous assemblers and fabricators",,,
"Miscellaneous community and social service specialists, including health educators and community hea",,,
"Miscellaneous community and social service specialists, including health educators and community health workers",,,
"Miscellaneous construction and related workers, including solar photovoltaic installers",,,
"Miscellaneous entertainment attendants and related workers",,,
"Miscellaneous health technologists and technicians",,,
"Miscellaneous legal support workers",,,
"Miscellaneous life, physical, and social science technicians",,,
"Miscellaneous mathematical science occupations",,,
"Miscellaneous media and communication workers",,,
"Miscellaneous media and communications equipment workers, including broadcast and sound engineering",,,
"Miscellaneous media and communications equipment workers, including broadcast and sound engineering technicians and radio operators",,,
"Miscellaneous personal appearance workers",,,
"Miscellaneous plant and system operators",,,
"Miscellaneous social scientists and related workers, including sociologists",,,
"Miscellaneous textile, apparel, and furnishings workers, including extruding and forming machine set",,,
"Miscellaneous textile, apparel, and furnishings workers, including extruding and forming machine setters, operators, and tenders, synthetic and glass fibers",,,
"Miscellaneous therapists, including exercise physiologists",,,
"Miscellaneous vehicle and mobile equipment mechanics, installers, and repairers",,,
"Miscellaneous woodworkers, including model makers and patternmakers",,,
"Mobile home",,,
"Mobile home (dollars)",,,
"Mobile home, boat, RV, van, etc.",,,
"Mobile homes and all other types of units",,,
"Model makers and patternmakers, metal and plastic",,,
"Models, demonstrators, and product promoters",,,
"Molders and molding machine setters, operators, and tenders, metal and plastic",,,
"Molders, shapers, and casters, except metal and plastic",,,
"Moldova","Mda","",
"Mon-Khmer, Cambodian",,,
"Moroccan","Mar","",
"Morocco","Mar","",
"Morticians, undertakers, and funeral directors",,,
"Mother only in labor force",,,
"Mother-child subfamily",,,
"Motion picture projectionists",,,
"Motor vehicle operators, all other",,,
"Motorcycle",,,
"Moved from abroad",,,
"Moved from different county within same state",,,
"Moved from different state",,,
"Moved from principal city",,,
"Moved from remainder of Metropolitan Statistical Area",,,
"Moved from remainder of Micropolitan Statistical Area",,,
"Moved in 1969 or earlier",,,
"Moved in 1970 to 1979",,,
"Moved in 1980 to 1989",,,
"Moved in 1990 to 1999",,,
"Moved in 2000 to 2004",,,
"Moved in 2005 or later",,,
"Moved to different county within same state",,,
"Moved to different state",,,
"Moved within same county",,,
"Movers from abroad",,,
"Movers to different state",,,
"Movers within same state",,,
"Multiple ancestry","MultAnc","",
"Multiple machine tool setters, operators, and tenders, metal and plastic",,,
"Musicians, singers, and related workers",,,
"Native"," born outside the United States","",
"Native Hawaiian","NatHwn","",
"Native Hawaiian and Other Pacific Islander",,,
"Native Hawaiian and Other Pacific Islander alone","Rpi","pacificislander",
"Native parent",,,
"Native population",,,
"Native; born outside the United States",,,
"Natural resources, construction, and maintenance occupations",,,
"Natural sciences managers",,,
"Naturalized citizen",,,
"Naturalized U.S. citizen",,,
"Navajo","AmindNavajo","navajo",
"Neither parent in labor force",,,
"Nepal","Npl","",
"Netherlands","Nld","",
"Network and computer systems administrators",,,
"Never married",,,
"New accounts clerks",,,
"New Zealander","Nzl","",
"News analysts, reporters and correspondents",,,
"Nicaragua","Nic","",
"Nicaraguan","Nic","",
"Nigeria","Nga","",
"Nigerian","Nga","",
"No bedroom",,,
"No cash public assistance or Food Stamps/SNAP",,,
"No cash rent",,,
"No child",,,
"No children under 18 years",,,
"No earners (dollars)",,,
"No earnings",,,
"No extra payment for any utilities",,,
"No fuel used",,,
"No income",,,
"No interest, dividends, or net rental income",,,
"No meals included in rent",,,
"No one 14 and over speaks English only or speaks English ""very well""",,,
"No One Home",,,
"No other types of income",,,
"No own child",,,
"No own children under 18",,,
"No own children under 18 years",,,
"No parent present","NIsPar","",
"No people in household 60 years or over",,,
"No public assistance income",,,
"No real estate taxes paid",,,
"No related children under 18",,,
"No related children under 18 years",,,
"No retirement income",,,
"No schooling completed",,,
"No second mortgage and no home equity loan",,,
"No selected conditions",,,
"No self-employment income",,,
"No Social Security income",,,
"No Supplemental Security Income (SSI)",,,
"No telephone service available",,,
"No unmarried partner of householder present","NIsNMarrPart","",
"No vehicle available",,,
"No wage or salary income",,,
"No workers",,,
"No workers (dollars)",,,
"Non-relatives",,,
"Nonfamily householder",,,
"Nonfamily households",,,
"Nonfarm animal caretakers",,,
"Nonrelatives",,,
"Nonresponse Rate",,,
"Nonveteran",,,
"Northeast","GeoNe","",
"Northern Africa","NorAfr","",
"Northern America","NorAm","",
"Northern Europe","NorEur","",
"Northern European","NorEur","",
"Norway","Nor","",
"Norwegian","Nor","",
"Not a citizen",,,
"Not a U.S. citizen",,,
"Not an unmarried partner",,,
"Not computed",,,
"Not enrolled in college or graduate school",,,
"Not enrolled in school",,,
"Not high school graduate",,,
"Not Hispanic or Latino","NotHspLat","",
"Not imputed",,,
"Not Imputed",,,
"Not in a Metropolitan or Micropolitan Statistical Area 1 year ago",,,
"Not in labor force","NLfp","",
"Not living alone",,,
"Not living alone (dollars)",,,
"Not living in a place",,,
"Not living in the 12 selected states",,,
"Not living with own grandchildren under 18 years",,,
"Not mortgaged",,,
"Now married","IsMar","",
"Now married (except separated)",,,
"Now married (including separated and spouse absent)","Mar","",
"Now married (including spouse absent)",,,
"Now married, except separated",,,
"Nuclear engineers",,,
"Nuclear technicians",,,
"Nurse anesthetists",,,
"Nurse midwives",,,
"Nurse practitioners",,,
"Nursery to 4th grade",,,
"Nursing, psychiatric, and home health aides",,,
"Occupational therapists",,,
"Occupational therapy assistants and aides",,,
"Occupied",,,
"Oceania","Ocn","",
"Oceania, n.e.c.","OcnNec","",
"Office and administrative support occupations",,,
"Office and administrative support workers, all other",,,
"Office clerks, general",,,
"Office machine operators, except computer",,,
"One native and one foreign-born parent",,,
"One or more but not all geographic parts imputed",,,
"Operating engineers and other construction equipment operators, including pile-driver operators",,,
"Operations research analysts",,,
"Opticians, dispensing",,,
"Optometrists",,,
"Order clerks",,,
"Osage","AmindOsage","osage",
"Other","Oth","",
"Other Alaska Native Tribe","OthAlskNat","",
"Other American Indian Tribe","AmindOther","otheramericanindian",
"Other and unspecified languages",,,
"Other Arab","OthArb","",
"Other areas","OthArea","",
"Other Asian","OthAsa","",
"Other Asian languages",,,
"Other Asian, not specified","OthAsaNsp","",
"Other Australian and New Zealand Subregion","OthAusNzlSbg","",
"Other Caribbean","OthCrb","",
"Other Central America","OthCenAm","",
"Other Central American","OthCenAm","",
"Other Eastern Africa","OthEasAfr","",
"Other Eastern Asia","OthEasAsa","",
"Other Eastern Europe","OthEasEur","",
"Other education, training, and library workers, except teacher assistants",,,
"Other extraction workers",,,
"Other families",,,
"Other family",,,
"Other family (dollars)",,,
"Other fuel",,,
"Other grandparents",,,
"Other groups","Grp","",
"Other healthcare practitioners and technical occupations",,,
"Other Hispanic or Latino","OthHspLat","",
"Other Indic languages",,,
"Other Indo-European languages",,,
"Other installation, maintenance, and repair workers, including wind turbine service technicians",,,
"Other languages",,,
"Other living arrangement",,,
"Other means",,,
"Other means (including those who worked at home)",,,
"Other Melanesian","OthMlns","",
"Other Micronesian","OthFsm","",
"Other Middle Africa","OthMidAfr","",
"Other Native North American languages",,,
"Other Northern Africa","OthNorAfr","",
"Other Northern America","OthNorAM","",
"Other Northern Europe","OthNorEur","",
"Other Pacific Island languages",,,
"Other Pacific Islander","OthPacIsd","",
"Other Pacific Islander, not specified","OthPacIsdNsp","",
"Other Pacific Islander, not specified (check box only)","OthPacIsdNspcb","",
"Other Polynesian","OthPyf","",
"Other Reason",,,
"Other services (except public administration)",,,
"Other services except public administration",,,
"Other services, except public administration",,,
"Other Slavic languages",,,
"Other South America","OthSouAm","",
"Other South American","OthSouAm","",
"Other South Central Asia","OthSouCenAsa","",
"Other South Eastern Asia","OthSouEasAsa","",
"Other Southern Africa","OthSouAfr","",
"Other Southern Europe","Ose","",
"Other Subsaharan African","OthSubSahAfr","",
"Other teachers and instructors",,,
"Other transportation workers",,,
"Other vacant",,,
"Other West Germanic languages",,,
"Other West Indian","OthWesInd","",
"Other Western Africa","OthWesAfr","",
"Other Western Asia","OthWesAsa","",
"Other Western Europe","OthWesEur","",
"Ottawa","AmindOttawa","ottawa",
"Owner occupied",,,
"Owner occupied (dollars)",,,
"Owner-occupied housing units",,,
"Packaging and filling machine operators and tenders",,,
"Packers and packagers, hand",,,
"Painters, construction and maintenance",,,
"Painting workers",,,
"Paiute","AmindPaiute","paiute",
"Pakistan","Pak","",
"Pakistani","Pak","",
"Palestinian","Pse","",
"Panama","Pan","",
"Panamanian","Pan","",
"Paper goods machine setters, operators, and tenders",,,
"Paperhangers",,,
"Paraguayan","Pry","",
"Paralegals and legal assistants",,,
"Parent",,,
"Parent present","IsPar","",
"Parking enforcement workers",,,
"Parking lot attendants",,,
"Partner in an unmarried partner household",,,
"Parts salespersons",,,
"Paving, surfacing, and tamping equipment operators",,,
"Pay extra for one or more utilities",,,
"Payroll and timekeeping clerks",,,
"Pennsylvania German","PenGer","",
"Per capita income in the past 12 months (in 2011 inflation-adjusted dollars)",,,
"Percent of earnings imputed -- 10 to less than 25 percent of total earnings for individual imputed",,,
"Percent of earnings imputed -- 100 percent of total earnings for individual imputed",,,
"Percent of earnings imputed -- 25 to less than 50 percent of total earnings for individual imputed",,,
"Percent of earnings imputed -- 50 to less than 100 percent of total earnings for individual imputed",,,
"Percent of earnings imputed -- Dollar value of zero imputed",,,
"Percent of earnings imputed -- More than 0 to less than 10 percent of total earnings for individual imputed",,,
"Percent of earnings imputed -- No earnings imputed",,,
"Percent of family income imputed for families with income in the past 12 months at or above poverty level -- 10 to less than 25 percent of total income for family imputed",,,
"Percent of family income imputed for families with income in the past 12 months at or above poverty level -- 100 percent of total income for family imputed",,,
"Percent of family income imputed for families with income in the past 12 months at or above poverty level -- 25 to less than 50 percent of total income for family imputed",,,
"Percent of family income imputed for families with income in the past 12 months at or above poverty level -- 50 to less than 100 percent of total income for family imputed",,,
"Percent of family income imputed for families with income in the past 12 months at or above poverty level -- Dollar value of zero imputed",,,
"Percent of family income imputed for families with income in the past 12 months at or above poverty level -- More than 0 to less than 10 percent of total income for family imputed",,,
"Percent of family income imputed for families with income in the past 12 months at or above poverty level -- No income imputed",,,
"Percent of family income imputed for families with income in the past 12 months below poverty level -- 10 to less than 25 percent of total income for family imputed",,,
"Percent of family income imputed for families with income in the past 12 months below poverty level -- 100 percent of total income for family imputed",,,
"Percent of family income imputed for families with income in the past 12 months below poverty level -- 25 to less than 50 percent of total income for family imputed",,,
"Percent of family income imputed for families with income in the past 12 months below poverty level -- 50 to less than 100 percent of total income for family imputed",,,
"Percent of family income imputed for families with income in the past 12 months below poverty level -- Dollar value of zero imputed",,,
"Percent of family income imputed for families with income in the past 12 months below poverty level -- More than 0 to less than 10 percent of total income for family imputed",,,
"Percent of family income imputed for families with income in the past 12 months below poverty level -- No income imputed",,,
"Percent of income imputed -- 10 to less than 25 percent of total income for family imputed",,,
"Percent of income imputed -- 10 to less than 25 percent of total income for household imputed",,,
"Percent of income imputed -- 10 to less than 25 percent of total income for individual imputed",,,
"Percent of income imputed -- 100 percent of total income for family imputed",,,
"Percent of income imputed -- 100 percent of total income for household imputed",,,
"Percent of income imputed -- 100 percent of total income for individual imputed",,,
"Percent of income imputed -- 25 to less than 50 percent of total income for family imputed",,,
"Percent of income imputed -- 25 to less than 50 percent of total income for household imputed",,,
"Percent of income imputed -- 25 to less than 50 percent of total income for individual imputed",,,
"Percent of income imputed -- 50 to less than 100 percent of total income for family imputed",,,
"Percent of income imputed -- 50 to less than 100 percent of total income for household imputed",,,
"Percent of income imputed -- 50 to less than 100 percent of total income for individual imputed",,,
"Percent of income imputed -- Dollar value of zero imputed",,,
"Percent of income imputed -- More than 0 to less than 10 percent of total income for family imputed",,,
"Percent of income imputed -- More than 0 to less than 10 percent of total income for household imputed",,,
"Percent of income imputed -- More than 0 to less than 10 percent of total income for individual imputed",,,
"Percent of income imputed -- No income imputed",,,
"Percent of income imputed for individuals with income in the past 12 months at or above poverty level -- 10 to less than 25 percent of total income for individual imputed",,,
"Percent of income imputed for individuals with income in the past 12 months at or above poverty level -- 100 percent of total income for individual imputed",,,
"Percent of income imputed for individuals with income in the past 12 months at or above poverty level -- 25 to less than 50 percent of total income for individual imputed",,,
"Percent of income imputed for individuals with income in the past 12 months at or above poverty level -- 50 to less than 100 percent of total income for individual imputed",,,
"Percent of income imputed for individuals with income in the past 12 months at or above poverty level -- Dollar value of zero imputed",,,
"Percent of income imputed for individuals with income in the past 12 months at or above poverty level -- More than 0 to less than 10 percent of total income for individual imputed",,,
"Percent of income imputed for individuals with income in the past 12 months at or above poverty level -- No income imputed",,,
"Percent of income imputed for individuals with income in the past 12 months below poverty level -- 10 to less than 25 percent of total income for individual imputed",,,
"Percent of income imputed for individuals with income in the past 12 months below poverty level -- 100 percent of total income for individual imputed",,,
"Percent of income imputed for individuals with income in the past 12 months below poverty level -- 25 to less than 50 percent of total income for individual imputed",,,
"Percent of income imputed for individuals with income in the past 12 months below poverty level -- 50 to less than 100 percent of total income for individual imputed",,,
"Percent of income imputed for individuals with income in the past 12 months below poverty level -- Dollar value of zero imputed",,,
"Percent of income imputed for individuals with income in the past 12 months below poverty level -- More than 0 to less than 10 percent of total income for individual imputed",,,
"Percent of income imputed for individuals with income in the past 12 months below poverty level -- No income imputed",,,
"Persian",,,
"Personal care aides",,,
"Personal care and service occupations",,,
"Personal care and service workers, all other",,,
"Personal financial advisors",,,
"Peru","Per","",
"Peruvian","Per","",
"Pest control workers",,,
"Petroleum engineers",,,
"Pharmacists",,,
"Pharmacy aides",,,
"Philippines","Phl","",
"Phlebotomists",,,
"Photographers",,,
"Photographic process workers and processing machine operators",,,
"Physical scientists, all other",,,
"Physical therapist assistants and aides",,,
"Physical therapists",,,
"Physician assistants",,,
"Physicians and surgeons",,,
"Pima","AmindPima","pima",
"Pipelayers, plumbers, pipefitters, and steamfitters",,,
"Plasterers and stucco masons",,,
"Plating and coating machine setters, operators, and tenders, metal and plastic",,,
"Podiatrists",,,
"Poland","Pol","",
"Police and sheriff's patrol officers",,,
"Polish","Pol","",
"Polynesian","Pyf","",
"Population of four or more races",,,
"Population of one race",,,
"Population of three races",,,
"Population of two or more races",,,
"Population of two races",,,
"Portugal","Prt","",
"Portuguese","Prt","",
"Portuguese or Portuguese Creole",,,
"Postal service clerks",,,
"Postal service mail carriers",,,
"Postal service mail sorters, processors, and processing machine operators",,,
"Postmasters and mail superintendents",,,
"Postsecondary teachers",,,
"Potawatomi","AmindPotawatomi","potawatomi",
"Power plant operators, distributors, and dispatchers",,,
"Pre-World War II only",,,
"Precision instrument and equipment repairers",,,
"Prepress technicians and workers",,,
"Preschool and kindergarten teachers",,,
"Pressers, textile, garment, and related materials",,,
"Printing workers, except prepress technicians and workers",,,
"Private detectives and investigators",,,
"Private for-profit wage and salary workers",,,
"Private not-for-profit wage and salary workers",,,
"Private school",,,
"Probation officers and correctional treatment specialists",,,
"Procurement clerks",,,
"Producers and directors",,,
"Production occupations",,,
"Production workers, all other",,,
"Production, planning, and expediting clerks",,,
"Production, transportation, and material moving occupations",,,
"Professional school degree",,,
"Professional, scientific, and management, and administrative and waste management services",,,
"Professional, scientific, and technical services",,,
"Proofreaders and copy markers",,,
"Property, real estate, and community association managers",,,
"Protective service occupations",,,
"Psychologists",,,
"Public administration",,,
"Public relations and fundraising managers",,,
"Public relations specialists",,,
"Public school",,,
"Public transportation (excluding taxicab)",,,
"Pueblo","AmindPueblo","pueblo",
"Puerto Rican","Pri","",
"Puerto Rico","PRI","Pri",
"Puget Sound Salish","AmindPuget Sound Salish","puget sound salish",
"Pumping station operators",,,
"Purchasing agents, except wholesale, retail, and farm products",,,
"Purchasing managers",,,
"Quintile Means",,,
"Quintile Share of Aggregate Income",,,
"Quintile Upper Limits",,,
"Radiation therapists",,,
"Radio and telecommunications equipment installers and repairers",,,
"Rail-track laying and maintenance equipment operators",,,
"Railroad",,,
"Railroad brake, signal, and switch operators",,,
"Railroad conductors and yardmasters",,,
"Railroad or ferryboat",,,
"Real estate and rental and leasing",,,
"Real estate brokers and sales agents",,,
"Received public assistance income",,,
"Receptionists and information clerks",,,
"Recreation and fitness workers",,,
"Recreational therapists",,,
"Refusal",,,
"Refuse and recyclable material collectors",,,
"Registered nurses",,,
"Reinforcing iron and rebar workers",,,
"Relatives",,,
"Religious workers, all other",,,
"Rented, not occupied",,,
"Renter occupied",,,
"Renter occupied (dollars)",,,
"Renter occupied Moved in 1969 or earlier",,,
"Renter occupied Moved in 1970 to 1979",,,
"Renter occupied Moved in 1980 to 1989",,,
"Renter occupied Moved in 1990 to 1999",,,
"Renter occupied Moved in 2000 to 2004",,,
"Renter occupied Moved in 2005 or later",,,
"Renter-occupied housing units",,,
"Reservation and transportation ticket agents and travel clerks",,,
"Residence 1 year ago-- Midwest"," Midwest","",
"Residence 1 year ago-- Northeast"," Northeast","",
"Residence 1 year ago-- South"," South","",
"Residence 1 year ago-- West"," West","",
"Resident Temporarily Absent",,,
"Residential advisors",,,
"Respiratory therapists",,,
"Response Rate",,,
"Retail salespersons",,,
"Retail trade",,,
"Riggers",,,
"Rolling machine setters, operators, and tenders, metal and plastic",,,
"Romania","Rou","",
"Romanian","Rou","",
"Roof bolters, mining",,,
"Roofers",,,
"Roustabouts, oil and gas",,,
"Russia","Rus","",
"Russian","Rus","",
"Sailors and marine oilers",,,
"Sales and office occupations",,,
"Sales and related occupations",,,
"Sales and related workers, all other",,,
"Sales engineers",,,
"Sales representatives, services, all other",,,
"Sales representatives, wholesale and manufacturing",,,
"Salvadoran","Slv","",
"Same city or town",,,
"Same county",,,
"Same house",,,
"Same house 1 year ago",,,
"Same Metropolitan Statistical Area",,,
"Same Micropolitan Statistical Area",,,
"Same residence (non-movers)",,,
"Same state",,,
"Samoan","Wsm","",
"Saudi Arabia","Sau","",
"Sawing machine setters, operators, and tenders, wood",,,
"Scandinavian","Sca","",
"Scandinavian languages",,,
"Scotch-Irish","SctIrl","",
"Scotland","Sct","",
"Scottish","Sct","",
"Second mortgage only",,,
"Second Quintile",,,
"Secondary school teachers",,,
"Secretaries and administrative assistants",,,
"Securities, commodities, and financial services sales agents",,,
"Security and fire alarm systems installers",,,
"Security guards and gaming surveillance officers",,,
"Selected monthly owner costs -- No items imputed",,,
"Selected monthly owner costs -- One or more items imputed",,,
"Self-employed in own incorporated business workers",,,
"Self-employed in own not incorporated business workers",,,
"Self-employed in own not incorporated business workers and unpaid family workers",,,
"Semiconductor processors",,,
"Seminole","AmindSeminole","seminole",
"Senegalese","Sen","",
"Separated",,,
"Septic tank servicers and sewer pipe cleaners",,,
"Serbia","Srb","",
"Serbian","Srb","",
"Serbo-Croatian",,,
"Service occupations",,,
"Sewing machine operators",,,
"Sheet metal workers",,,
"Ship and boat captains and operators",,,
"Ship engineers",,,
"Shipping, receiving, and traffic clerks",,,
"Shoe and leather workers and repairers",,,
"Shoe machine operators and tenders",,,
"Shoshone","AmindShoshone","shoshone",
"Sierra Leone","Sle","",
"Sierra Leonean","Sle","",
"Signal and track switch repairers",,,
"Singapore","Sgp","",
"Single ancestry","Anc","",
"Sioux","AmindSioux","sioux",
"Slavic","Slv","",
"Slovak","Svk","",
"Slovene","Svn","",
"Small engine mechanics",,,
"Social and community service managers",,,
"Social and human service assistants",,,
"Social science research assistants",,,
"Social workers",,,
"Software developers, applications and systems software",,,
"Solar energy",,,
"Sold, not occupied",,,
"Somalian","Som","",
"Some college or associate's degree","EdSc","",
"Some college, 1 or more years, no degree",,,
"Some college, associate's degree",,,
"Some college, less than 1 year",,,
"Some college, no degree",,,
"Some other race",,,
"Some other race alone","ROa","otherracealone",
"South","GeoS","",
"South Africa","Zaf","",
"South African","Zaf","",
"South America","SouAm","",
"South American","SouAm","",
"South Central Asia","SouCenAsa","",
"South Eastern Asia","SouEasAsa","",
"Southern Africa","SouAfr","",
"Southern Europe","SouEur","",
"Soviet Union","Ussr","",
"Spain","Esp","",
"Spaniard","Esp","",
"Spanish","Esp","",
"Spanish American","Spa","",
"Spanish or Spanish Creole",,,
"Speak another language",,,
"Speak another language Speak English 'less than well'",,,
"Speak another language Speak English 'very well'",,,
"Speak Asian and Pacific Island languages",,,
"Speak English  ?very well?",,,
"Speak English 'not at all'",,,
"Speak English 'not well'",,,
"Speak English 'very well'",,,
"Speak English 'well'",,,
"Speak English less than ?very well?",,,
"Speak English less than 'very well'",,,
"Speak only English",,,
"Speak other Indo-European languages",,,
"Speak other language",,,
"Speak other languages",,,
"Speak other languages Speak English ""very well""",,,
"Speak other languages Speak English less than ""very well""",,,
"Speak Spanish",,,
"Speak Spanish Speak English ""very well""",,,
"Speak Spanish Speak English less than ""very well""",,,
"Special education teachers",,,
"Specific languages spoken -- Imputed",,,
"Specific languages spoken -- Not imputed",,,
"Speech-language pathologists",,,
"Spouse did not work in the past 12 months",,,
"Spouse worked full-time, year-round in the past 12 months",,,
"Spouse worked less than full-time, year-round in the past 12 months",,,
"Spouse worked part-time or part-year in the past 12 months",,,
"Sri Lanka","Lka","",
"Sri Lankan","Lka","",
"St. Vincent and the Grenadines","Vct","",
"State government workers",,,
"Stationary engineers and boiler operators",,,
"Statistical assistants",,,
"Statisticians",,,
"Stock clerks and order fillers",,,
"Streetcar or trolley car (carro publico in Puerto Rico)",,,
"Streetcar or trolley car (carro publico in Puerto Rico), subway or elevated",,,
"Structural iron and steel workers",,,
"Structural metal fabricators and fitters",,,
"Subsaharan African","SubSahAfr","",
"Subway or elevated",,,
"Subway, streetcar, and other rail transportation workers",,,
"Sudan","Sdn","",
"Sudanese","Sdn","",
"Supervisors of transportation and material moving workers",,,
"Survey researchers",,,
"Surveying and mapping technicians",,,
"Surveyors, cartographers, and photogrammetrists",,,
"Sweden","Swe","",
"Swedish","Swe","",
"Swiss","Che","",
"Switchboard operators, including answering service",,,
"Switzerland","Che","",
"Syria","Syr","",
"Syrian","Syr","",
"Tagalog",,,
"Tailors, dressmakers, and sewers",,,
"Taiwan","Twn","",
"Taiwanese","Twn","",
"Tank car, truck, and ship loaders",,,
"Tax examiners and collectors, and revenue agents",,,
"Tax preparers",,,
"Taxi drivers and chauffeurs",,,
"Taxicab",,,
"Taxicab, motorcycle, bicycle, or other means",,,
"Taxicab, motorcycle, or other means",,,
"Teacher assistants",,,
"Technical writers",,,
"Telecommunications line installers and repairers",,,
"Telemarketers",,,
"Telephone operators",,,
"Television, video, and motion picture camera operators and editors",,,
"Tellers",,,
"Temporarily Absent",,,
"Textile bleaching and dyeing machine operators and tenders",,,
"Textile cutting machine setters, operators, and tenders",,,
"Textile knitting and weaving machine setters, operators, and tenders",,,
"Textile winding, twisting, and drawing out machine setters, operators, and tenders",,,
"Thai","Tha","",
"Thailand","Tha","",
"Third Quintile",,,
"Time arriving at work from home -- Imputed for either departure time or minutes to work",,,
"Time arriving at work from home -- Not imputed for either departure time or minutes to work",,,
"Time leaving home to go to work -- Imputed",,,
"Time leaving home to go to work -- Not imputed",,,
"Tire builders",,,
"Tlingit-Haida","Tling","",
"Tohono O'Odham","AmindTohono O'Odham","tohono o'odham",
"Tongan","Ton","",
"Tool and die makers",,,
"Tool grinders, filers, and sharpeners",,,
"Top 5 Percent",,,
"Total","all","all",
"Total (dollars)",,,
"Total living in area 1 year ago",,,
"Total population in occupied housing units",,,
"Tour and travel guides",,,
"Training and development managers",,,
"Training and development specialists",,,
"Transit and railroad police",,,
"Transportation and warehousing",,,
"Transportation and warehousing, and utilities",,,
"Transportation attendants, except flight attendants",,,
"Transportation inspectors",,,
"Transportation occupations",,,
"Transportation security screeners",,,
"Transportation, storage, and distribution managers",,,
"Travel agents",,,
"Travel time to work -- Imputed",,,
"Travel time to work -- Not imputed",,,
"Trinidad and Tobago","Tto","",
"Trinidadian and Tobagonian","Tto","",
"Turkey","Tur","",
"Turkish","Tur","",
"Two or more races","RGe2","2ormoreraces",
"Two races excluding Some other race, and three or more races","Req2","exactly2races",
"Two races including Some other race","Rge2o","2racesorother",
"U.S. citizen by naturalization",,,
"U.S. citizen, born abroad of American parent(s)",,,
"U.S. citizen, born in Puerto Rico or U.S. Island Areas",,,
"U.S. citizen, born in the United States",,,
"U.S. Island Areas","USI","Usi",
"U.S. Virgin Islander","Vir","",
"Ugandan","Uga","",
"Ukraine","Ukr","",
"Ukrainian","Ukr","",
"Unable To Locate",,,
"Unable To Locate Group Quarters Person",,,
"Unclassified or not reported","OrNotRep","",
"Under .50",,,
"Under 1.00",,,
"Under 1.30",,,
"Under 18 years","ALt18","",
"Under 3 years","ALt3yr","",
"Under 5 years","ALt5","ageunder5",
"Under 5 years and 5 to 17 years",,,
"Under 5 years only",,,
"Under 6 years","ALt6","",
"Under 6 years and 6 to 17 years",,,
"Under 6 years only",,,
"Unemployed",,,
"United Kingdom (inc. Crown Dependencies)","UKIncCrwnDep","",
"United Kingdom, excluding England and Scotland","UKExEngSct","",
"Unmarried (never married, widowed and divorced)",,,
"Unmarried (never married, widowed, and divorced)","NMar","",
"Unmarried partner of householder present","IsNMarrPart","",
"Unmarried-partner households",,,
"Unpaid family workers",,,
"Upholsterers",,,
"Upper contract rent quartile",,,
"Upper value quartile (dollars)",,,
"Urban and regional planners",,,
"Urdu",,,
"Uruguay","Ury","",
"Uruguayan","Ury","",
"Ushers, lobby attendants, and ticket takers",,,
"Usual hours worked per week in the past 12 months -- Imputed",,,
"Usual hours worked per week in the past 12 months -- Not imputed",,,
"Usually worked 1 to 14 hours per week",,,
"Usually worked 15 to 34 hours per week",,,
"Usually worked 35 or more hours per week",,,
"Ute","AmindUte","ute",
"Utilities",,,
"Utility gas",,,
"Uzbekistan","Uzb","",
"Vacant",,,
"Vacant - current residence elsewhere",,,
"Value $10,000 to $19,999",,,
"Value $100,000 to $199,999",,,
"Value $20,000 to $29,999",,,
"Value $200,000 to $249,999",,,
"Value $250,000 to $499,999",,,
"Value $30,000 to $39,999",,,
"Value $40,000 to $49,999",,,
"Value $50,000 to $59,999",,,
"Value $500,000 or more",,,
"Value $60,000 to $69,999",,,
"Value $70,000 to $79,999",,,
"Value $80,000 to $89,999",,,
"Value $90,000 to $99,999",,,
"Value less than $10,000",,,
"Venezuela","Ven","",
"Venezuelan","Ven","",
"Veteran",,,
"Veterinarians",,,
"Veterinary assistants and laboratory animal caretakers",,,
"Vietnam","Vnm","",
"Vietnam Era and Korean War and World War II",,,
"Vietnam Era and Korean War, no World War II",,,
"Vietnam Era, no Korean War, no World War II",,,
"Vietnamese","Vnm","",
"Waiters and waitresses",,,
"Walked",,,
"Water and wastewater treatment plant and system operators",,,
"Web developers",,,
"Weeks worked in the past 12 months -- Imputed",,,
"Weeks worked in the past 12 months -- Not imputed",,,
"Weighers, measurers, checkers, and samplers, recordkeeping",,,
"Welding, soldering, and brazing workers",,,
"Welsh","Wel","",
"West","GeoW","",
"West Indian","WesInd","",
"West Indian (except Hispanic groups)","WesIndExHsp","",
"West Indies","Wid","",
"Western Africa","WesAfr","",
"Western Asia","WesAsa","",
"Western Europe","WesEur","",
"White",,,
"White alone","RWa","whitealone",
"White; American Indian and Alaska Native",,,
"White; Asian",,,
"White; Black or African American",,,
"Whole Group Quarters Other Reason",,,
"Whole Group Quarters Refusal",,,
"Wholesale and retail buyers, except farm products",,,
"Wholesale trade",,,
"Widowed",,,
"Wife in labor force",,,
"Wife not in labor force",,,
"With a mortgage",,,
"With cash public assistance or Food Stamps/SNAP",,,
"With cash rent",,,
"With children under 18 years",,,
"With earnings",,,
"With either a second mortgage or home equity loan, but not both",,,
"With four selected conditions",,,
"With income",,,
"With interest, dividends, or net rental income",,,
"With one selected condition",,,
"With other types of income",,,
"With own children under 18",,,
"With own children under 18 years",,,
"With public assistance income",,,
"With related children under 18",,,
"With related children under 18 years",,,
"With retirement income",,,
"With self-employment income",,,
"With Social Security income",,,
"With Social Security income in the past 12 months",,,
"With SSI and/or cash public assistance income in the past 12 months",,,
"With Supplemental Security Income (SSI)",,,
"With telephone service available",,,
"With three selected conditions",,,
"With two selected conditions",,,
"With wage or salary income",,,
"Without Social Security income in the past 12 months",,,
"Without SSI or cash public assistance income in the past 12 months",,,
"Women who did not have a birth in the past 12 months","GfNBirthPrev12mo","",
"Women who had a birth in the past 12 months","GfBirthPrev12mo","",
"Wood",,,
"Woodworking machine setters, operators, and tenders, except sawing",,,
"Word processors and typists",,,
"Worked at home",,,
"Worked full time, year-round",,,
"Worked full-time, year-round",,,
"Worked full-time, year-round in the past 12 months",,,
"Worked in a different Metropolitan Statistical Area",,,
"Worked in a different Micropolitan Statistical Area",,,
"Worked in a Metropolitan Statistical Area",,,
"Worked in a Micropolitan Statistical Area",,,
"Worked in a principal city",,,
"Worked in county of residence",,,
"Worked in MCD of residence",,,
"Worked in Metropolitan Statistical Area of residence",,,
"Worked in Micropolitan Statistical Area of residence",,,
"Worked in place of residence",,,
"Worked in state of residence",,,
"Worked in State of residence",,,
"Worked in the past 12 months",,,
"Worked less than full-time, year-round",,,
"Worked outside any Metropolitan or Micropolitan Statistical Area",,,
"Worked outside any principal city",,,
"Worked outside county of residence",,,
"Worked outside MCD of residence",,,
"Worked outside place of residence",,,
"Worked outside state of residence",,,
"Worked outside State of residence",,,
"Worked part-time or part-year",,,
"World War II, no Korean War, no Vietnam Era",,,
"Writers and authors",,,
"Yakama","AmindYakama","yakama",
"Yaqui","AmindYaqui","yaqui",
"Yemen","Yem","",
"Yiddish",,,
"Yugoslavia","Yug","",
"Yugoslavian","Yug","",
"Yuman","AmindYuman","yuman",
"Zero or negative income",,,
"Zimbabwean","Zwe","",
